0	1	1856	1	1	consensus	3
0	1	5164	1	2	consensus	4
0	1	7391	1	3	consensus	3
0	1	571	1	4	consensus	4
0	1	3277	1	5	T	4
0	1	912	1	6	consensus	3
0	1	27092	1	7	consensus	3
0	1	27093	1	8	consensus	3
0	1	27094	1	9	consensus	3
0	1	27095	1	10	C	2
0	1	27095	1	10	T	3
0	1	2949	1	11	consensus	6
0	1	1887	1	12	consensus	6
0	1	27096	1	13	consensus	3
0	1	6431	1	14	TCA	4
0	1	14558	1	15	consensus	4
0	1	27097	1	16	consensus	3
0	1	16328	1	17	consensus	3
0	1	27098	1	18	consensus	5
0	1	27099	1	19	A	6
0	1	27099	1	19	C	3
0	1	27100	1	20	consensus	3
0	1	27101	1	21	consensus	3
0	1	27102	1	22	consensus	4
0	1	355	1	23	consensus	10
0	1	27103	1	24	consensus	3
0	1	1121	1	25	C	3
0	1	1641	1	26	consensus	4
0	1	27104	1	28	consensus	5
0	1	27105	1	29	consensus	4
0	1	345	1	30	consensus	3
0	1	27106	1	31	consensus	3
0	1	27107	1	32	consensus	3
0	1	15586	1	33	consensus	4
0	1	4186	1	34	consensus	3
0	1	27108	1	35	consensus	4
0	1	27109	1	36	consensus	3
0	1	16835	1	37	consensus	3
0	1	27110	1	38	consensus	4
0	1	27111	1	39	consensus	3
0	1	27112	1	40	consensus	4
0	1	3046	1	41	consensus	3
0	1	320	1	42	consensus	4
0	1	27113	1	43	consensus	3
0	1	27114	1	44	C	2
0	1	27114	1	44	T	3
0	1	27115	1	45	AC	2
0	1	27115	1	45	GT	3
0	1	27116	1	46	consensus	4
0	1	8580	1	47	consensus	3
0	1	27117	1	48	CCA	3
0	1	27117	1	48	TTG	2
0	1	8878	1	49	consensus	3
0	1	27118	1	50	consensus	3
0	1	27119	1	51	C	7
0	1	27119	1	51	T	3
0	1	27120	1	52	consensus	15
0	1	27121	1	53	consensus	3
0	1	2097	1	54	consensus	3
0	1	6965	1	55	consensus	3
0	1	17072	1	56	consensus	3
0	1	27122	1	57	consensus	3
0	1	15827	1	58	CG	8
0	1	15827	1	58	TG	10
0	1	9164	1	59	TAAA	3
0	1	9164	1	59	TAGA	2
0	1	2686	1	60	G	3
0	1	6858	1	61	consensus	4
0	1	7120	1	62	consensus	3
0	1	15597	1	63	G	4
0	1	27123	1	64	consensus	3
0	1	27124	1	65	consensus	6
0	1	6763	1	66	consensus	7
0	1	27125	1	67	consensus	4
0	1	27126	1	68	consensus	5
0	1	8173	1	69	consensus	3
0	1	2140	1	70	CA	4
0	1	27127	1	71	A	4
0	1	27127	1	71	G	3
0	1	27128	1	72	consensus	3
0	1	27129	1	73	consensus	4
0	1	10092	1	74	consensus	3
0	1	146	1	75	consensus	3
0	1	11785	1	76	consensus	5
0	1	12991	1	77	consensus	4
0	1	27130	1	78	consensus	3
0	1	27131	1	79	consensus	3
0	1	9036	1	80	consensus	3
0	1	27132	1	81	consensus	3
0	1	27133	1	82	consensus	3
0	1	27134	1	83	consensus	3
0	1	8867	1	84	CT	3
0	1	3384	1	85	GGT	3
0	1	27135	1	86	consensus	3
0	1	10744	1	87	consensus	5
0	1	20534	1	88	consensus	4
0	1	27136	1	89	consensus	3
0	1	3428	1	90	CG	3
0	1	3428	1	90	TG	5
0	1	27137	1	91	consensus	3
0	1	27138	1	92	consensus	3
0	1	27139	1	93	consensus	3
0	1	7341	1	94	TGTACGT	30
0	1	27140	1	95	consensus	3
0	1	27141	1	96	consensus	8
0	1	12985	1	97	consensus	3
0	1	27142	1	98	consensus	3
0	1	11808	1	99	consensus	3
0	1	26885	1	100	consensus	6
0	1	889	1	101	consensus	3
0	1	7114	1	102	AC	4
0	1	27143	1	103	consensus	3
0	1	6728	1	104	consensus	6
0	1	1701	1	105	A	3
0	1	27144	1	106	consensus	4
0	1	27145	1	107	consensus	3
0	1	27146	1	108	consensus	3
0	1	27147	1	109	consensus	3
0	1	3330	1	110	A	4
0	1	3424	1	111	consensus	4
0	1	1193	1	112	T	3
0	1	7449	1	113	C	41
0	1	7449	1	113	T	63
0	1	27148	1	114	consensus	4
0	1	17838	1	115	consensus	3
0	1	4713	1	116	consensus	3
0	1	27149	1	117	C	4
0	1	27149	1	117	T	3
0	1	7682	1	118	consensus	3
0	1	7329	1	119	G	3
0	1	5378	1	120	consensus	4
0	1	27150	1	121	consensus	3
0	1	27151	1	122	consensus	3
0	1	27152	1	123	consensus	3
0	1	27153	1	124	consensus	4
0	1	5022	1	125	consensus	5
0	1	4747	1	126	consensus	4
0	1	7765	1	127	consensus	4
0	1	11862	1	128	consensus	3
0	1	1185	1	129	CT	6
0	1	281	1	130	consensus	4
0	1	27154	1	131	consensus	6
0	1	3228	1	132	consensus	3
0	1	7160	1	133	TACAG	39
0	1	7160	1	133	TAGAG	5
0	1	7160	1	133	TGGAG	13
0	1	27155	1	134	consensus	3
0	1	27156	1	135	consensus	4
0	1	15334	1	136	TA	6
0	1	3413	1	137	consensus	3
0	1	27157	1	138	consensus	3
0	1	27158	1	139	consensus	4
0	1	3810	1	140	consensus	4
0	1	2813	1	141	consensus	3
0	1	6619	1	142	consensus	3
0	1	27159	1	143	consensus	3
0	1	4844	1	144	TT	3
0	1	629	1	145	CAG	16
0	1	27160	1	146	consensus	3
0	1	18121	1	147	consensus	4
0	1	27161	1	148	consensus	8
0	1	13735	1	149	AA	11
0	1	9171	1	150	consensus	3
0	1	3537	1	151	A	3
0	1	27162	1	152	consensus	3
0	1	755	1	153	A	5
0	1	27163	1	154	consensus	4
0	1	4468	1	155	TT	3
0	1	27164	1	156	consensus	3
0	1	4234	1	157	consensus	3
0	1	2458	1	158	TG	4
0	1	6949	1	159	consensus	3
0	1	27165	1	160	consensus	8
0	1	27166	1	161	consensus	3
0	1	925	1	162	consensus	3
0	1	4712	1	163	TCG	3
0	1	15692	1	164	consensus	3
0	1	27167	1	165	consensus	4
0	1	27168	1	166	consensus	3
0	1	25911	1	167	consensus	3
0	1	13721	1	168	consensus	21
0	1	11456	1	169	consensus	6
0	1	27169	1	170	consensus	3
0	1	27170	1	171	consensus	4
0	1	27171	1	172	consensus	4
0	1	16506	1	173	consensus	7
0	1	1317	1	174	consensus	8
0	1	3291	1	175	GG	7
0	1	5811	1	176	GGA	3
0	1	27172	1	177	consensus	4
0	1	3908	1	178	consensus	4
0	1	27173	1	179	consensus	3
0	1	5851	1	180	consensus	3
0	1	1890	1	181	consensus	5
0	1	3667	1	182	consensus	5
0	1	27174	1	183	consensus	9
0	1	27175	1	184	consensus	4
0	1	1542	1	185	consensus	4
0	1	186	1	186	consensus	3
0	1	242	1	187	TCGC	13
0	1	242	1	187	TCTC	12
0	1	3854	1	188	consensus	3
0	1	7161	1	189	consensus	9
0	1	3214	1	190	consensus	3
0	1	1687	1	191	consensus	3
0	1	27176	1	192	consensus	3
0	1	21187	1	193	G	5
0	1	21187	1	193	T	4
0	1	7176	1	194	consensus	5
0	1	27177	1	195	consensus	3
0	1	27178	1	196	consensus	6
0	1	27179	1	197	CC	4
0	1	27179	1	197	TT	4
0	1	27180	1	198	consensus	6
0	1	7025	1	199	T	6
0	1	27181	1	200	consensus	3
0	1	27182	1	201	G	19
0	1	27182	1	201	T	31
0	1	11208	1	202	GG	3
0	1	25910	1	203	consensus	5
0	1	13921	1	204	consensus	12
0	1	27183	1	205	consensus	5
0	1	3489	1	206	TAGATG	5
0	1	4616	1	207	CA	3
0	1	15462	1	208	consensus	3
0	1	811	1	209	consensus	3
0	1	8139	1	210	consensus	5
0	1	27184	1	211	consensus	3
0	1	6279	1	212	consensus	4
0	1	7461	1	213	CG	3
0	1	27185	1	214	consensus	8
0	1	27186	1	215	consensus	4
0	1	27187	1	216	consensus	4
0	1	27188	1	217	consensus	4
0	1	381	1	218	consensus	3
0	1	27189	1	219	CCCC	5
0	1	27189	1	219	CCTA	1
0	1	27189	1	219	TACC	5
0	1	27189	1	219	TATA	3
0	1	27190	1	220	consensus	8
0	1	3339	1	221	consensus	5
0	1	21298	1	222	consensus	4
0	1	27191	1	223	consensus	5
0	1	1493	1	224	G	3
0	1	11146	1	225	T	3
0	1	24738	1	226	consensus	4
0	1	12286	1	227	T	3
0	1	6441	1	228	consensus	4
0	1	3234	1	229	consensus	4
0	1	27192	1	230	consensus	4
0	1	27193	1	231	consensus	3
0	1	1114	1	232	C	3
0	1	27194	1	233	consensus	5
0	1	23884	1	234	consensus	16
0	1	5548	1	235	CCAT	11
0	1	11651	1	236	consensus	3
0	1	27195	1	237	consensus	3
0	1	7444	1	239	CTT	31
0	1	7444	1	239	TTT	12
0	1	27196	1	240	consensus	3
0	1	1146	1	241	A	5
0	1	5314	1	242	consensus	4
0	1	27197	1	243	consensus	3
0	1	27198	1	244	consensus	4
0	1	6341	1	245	T	4
0	1	27199	1	246	consensus	4
0	1	27200	1	247	A	13
0	1	27200	1	247	C	24
0	1	27201	1	248	C	7
0	1	27201	1	248	T	23
0	1	103	1	249	TG	4
0	1	27202	1	250	consensus	3
0	1	27203	1	251	consensus	3
0	1	27204	1	252	consensus	3
0	1	27205	1	253	GGA	3
0	1	27205	1	253	GTA	3
0	1	27205	1	253	TTT	3
0	1	4576	1	254	consensus	4
0	1	27206	1	255	consensus	3
0	1	5769	1	256	TCAAT	8
0	1	5769	1	256	TTAAT	4
0	1	4280	1	257	TTAGTTAA	10
0	1	15622	1	258	consensus	4
0	1	27207	1	259	consensus	3
0	1	8081	1	260	consensus	3
0	1	2283	1	261	consensus	7
0	1	27208	1	262	consensus	3
0	1	27209	1	263	consensus	3
0	1	27210	1	264	consensus	3
0	1	27211	1	265	consensus	3
0	1	27212	1	266	consensus	3
0	1	27213	1	267	consensus	3
0	1	27214	1	268	consensus	3
0	1	1538	1	269	T	3
0	1	27215	1	270	consensus	3
0	1	27216	1	271	consensus	3
0	1	11063	1	272	consensus	3
0	1	27217	1	273	consensus	3
0	1	2568	1	274	consensus	3
0	1	27218	1	275	A	3
0	1	27218	1	275	G	2
0	1	27219	1	276	consensus	4
0	1	19339	1	277	consensus	4
0	1	12176	1	278	consensus	5
0	1	27220	1	290	consensus	3
0	1	2248	1	291	GGT	3
0	1	2248	1	291	GTA	3
0	1	6189	1	292	consensus	3
0	1	2154	1	293	TG	3
0	1	2774	1	294	consensus	3
0	1	27221	1	295	consensus	3
0	1	6642	1	296	consensus	4
0	1	983	1	297	consensus	3
0	1	6979	1	298	consensus	3
0	1	8211	1	299	consensus	3
0	1	6002	1	300	GG	3
0	1	27222	1	301	consensus	20
0	1	27223	1	302	consensus	3
0	1	2800	1	303	C	4
0	1	27224	1	304	consensus	3
0	1	4079	1	305	consensus	3
0	1	27225	1	306	consensus	13
0	1	27226	1	307	consensus	4
0	1	5743	1	308	CCC	3
0	1	4060	1	309	consensus	3
0	1	27227	1	310	consensus	4
0	1	5341	1	311	consensus	3
0	1	27228	1	312	consensus	3
0	1	23138	1	313	TCG	13
0	1	2841	1	314	CCTAGCT	51
0	1	18138	1	315	ATTTT	6
0	1	2743	1	316	G	3
0	1	15353	1	318	consensus	3
0	1	27229	1	319	consensus	3
0	1	27230	1	320	consensus	17
0	1	432	1	321	consensus	5
0	1	27231	1	322	consensus	4
0	1	27232	1	323	consensus	3
0	1	27233	1	324	consensus	3
0	1	4246	1	325	consensus	3
0	1	18468	1	326	consensus	3
0	1	27234	1	327	consensus	3
0	1	27235	1	328	consensus	3
0	1	5891	1	329	consensus	4
0	1	27236	1	330	consensus	3
0	1	10205	1	331	consensus	4
0	1	27237	1	332	consensus	3
0	1	11219	1	333	TACTG	9
0	1	27238	1	335	consensus	3
0	1	27239	1	336	consensus	3
0	1	1705	1	337	consensus	3
0	1	13366	1	338	TA	4
0	1	13366	1	338	TG	10
0	1	27240	1	339	consensus	3
0	1	2657	1	340	GG	4
0	1	7547	1	341	consensus	5
0	1	7253	1	342	CA	18
0	1	7796	1	343	consensus	3
0	1	27241	1	344	consensus	3
0	1	27242	1	345	consensus	19
0	1	27243	1	346	consensus	12
0	1	27244	1	347	consensus	3
0	1	10241	1	348	consensus	3
0	1	1217	1	349	G	5
0	1	27245	1	350	consensus	3
0	1	14017	1	351	consensus	4
0	1	27246	1	352	consensus	3
0	1	6700	1	353	AA	3
0	1	27247	1	354	consensus	3
0	1	12295	1	355	consensus	4
0	1	547	1	356	consensus	3
0	1	10579	1	357	consensus	3
0	1	27248	1	358	consensus	20
0	1	5637	1	359	consensus	8
0	1	551	1	360	consensus	3
0	1	2882	1	361	consensus	3
0	1	27249	1	362	consensus	6
0	1	27250	1	363	C	14
0	1	27250	1	363	T	5
0	1	27251	1	364	CT	27
0	1	27251	1	364	GC	14
0	1	27252	1	365	consensus	3
0	1	27253	1	366	consensus	5
0	1	928	1	367	GCG	4
0	1	27254	1	368	consensus	3
0	1	1503	1	369	consensus	8
0	1	27255	1	370	consensus	3
0	1	7493	1	371	CGC	8
0	1	27256	1	372	consensus	3
0	1	9098	1	373	AG	4
0	1	6573	1	374	consensus	3
0	1	27257	1	375	consensus	6
0	1	530	1	376	consensus	3
0	1	27258	1	377	consensus	3
0	1	5461	1	378	consensus	3
0	1	7973	1	379	consensus	7
0	1	1767	1	380	consensus	3
0	1	27259	1	381	consensus	3
0	1	14278	1	382	consensus	21
0	1	2032	1	383	consensus	4
0	1	2454	1	384	GA	3
0	1	27260	1	385	consensus	3
0	1	4293	1	386	TA	4
0	1	22775	1	387	CC	4
0	1	22775	1	387	TC	3
0	1	22775	1	387	TT	3
0	1	27261	1	388	consensus	3
0	1	8573	1	389	consensus	5
0	1	27262	1	390	consensus	3
0	1	27263	1	391	consensus	8
0	1	10539	1	392	consensus	6
0	1	849	1	393	consensus	6
0	1	27264	1	394	consensus	16
0	1	727	1	395	consensus	3
0	1	27265	1	396	consensus	3
0	1	27266	1	397	consensus	3
0	1	27267	1	398	consensus	21
0	1	27268	1	399	consensus	3
0	1	3591	1	400	consensus	5
0	1	6237	1	401	G	3
0	1	27269	1	402	consensus	3
0	1	6316	1	403	T	4
0	1	27270	1	404	consensus	3
0	1	6911	1	405	C	3
0	1	7446	1	406	C	3
0	1	27271	1	407	consensus	4
0	1	27272	1	408	consensus	3
0	1	27273	1	409	AG	8
0	1	27273	1	409	AT	1
0	1	27273	1	409	GG	2
0	1	27273	1	409	GT	5
0	1	1640	1	410	consensus	8
0	1	27274	1	411	consensus	4
0	1	2596	1	412	AT	3
0	1	27275	1	413	consensus	5
0	1	2130	1	414	consensus	4
0	1	27276	1	416	consensus	5
0	1	2626	1	417	TAGA	6
0	1	12598	1	418	consensus	7
0	1	16965	1	419	consensus	3
0	1	27277	1	420	A	7
0	1	27277	1	420	T	9
0	1	11432	1	421	AG	4
0	1	27278	1	422	consensus	3
0	1	7006	1	423	G	3
0	1	27279	1	424	consensus	3
0	1	6748	1	425	consensus	4
0	1	1959	1	426	AG	5
0	1	27280	1	427	consensus	6
0	1	25943	1	428	CT	18
0	1	27281	1	429	consensus	7
0	1	6047	1	430	consensus	3
0	1	2877	1	431	T	4
0	1	27282	1	432	A	9
0	1	27282	1	432	T	6
0	1	1343	1	433	consensus	3
0	1	27283	1	434	consensus	3
0	1	676	1	435	T	4
0	1	27284	1	436	consensus	11
0	1	219	1	437	consensus	3
0	1	5943	1	438	A	6
0	1	5944	1	439	consensus	3
0	1	2208	1	440	consensus	4
0	1	2432	1	441	AAG	5
0	1	5843	1	442	consensus	3
0	1	11801	1	443	consensus	14
0	1	27285	1	444	consensus	4
0	1	27286	1	445	consensus	3
0	1	8663	1	446	TT	4
0	1	27287	1	447	consensus	3
0	1	13603	1	448	consensus	5
0	1	8347	1	449	consensus	3
0	1	27288	1	450	consensus	4
0	1	2992	1	451	consensus	5
0	1	21981	1	452	consensus	21
0	1	27289	1	453	consensus	5
0	1	7217	1	454	consensus	8
0	1	27290	1	455	consensus	3
0	1	27291	1	456	consensus	3
0	1	27292	1	457	consensus	4
0	1	27293	1	458	C	2
0	1	27293	1	458	T	3
0	1	23700	1	459	TTA	9
0	1	27294	1	460	consensus	4
0	1	4093	1	461	consensus	4
0	1	27295	1	462	consensus	5
0	1	25329	1	463	CC	4
0	1	4694	1	464	consensus	3
0	1	27296	1	465	consensus	6
0	1	1582	1	467	consensus	3
0	1	27297	1	468	consensus	5
0	1	27298	1	469	consensus	3
0	1	6819	1	470	consensus	3
0	1	27299	1	471	consensus	3
0	1	27300	1	472	consensus	37
0	1	27301	1	473	consensus	3
0	1	1257	1	474	CA	10
0	1	27302	1	475	consensus	13
0	1	27303	1	476	consensus	3
0	1	27304	1	477	consensus	3
0	1	27305	1	478	consensus	3
0	1	1624	1	479	consensus	3
0	1	11517	1	480	C	6
0	1	1656	1	481	consensus	6
0	1	27306	1	482	consensus	3
0	1	27307	1	483	consensus	3
0	1	27308	1	484	consensus	16
0	1	11407	1	485	GCGCA	14
0	1	27309	1	486	consensus	3
0	1	27310	1	487	consensus	3
0	1	27311	1	488	consensus	4
0	1	7028	1	489	consensus	4
0	1	1447	1	490	consensus	3
0	1	7141	1	491	consensus	5
0	1	2250	1	492	consensus	3
0	1	3230	1	493	GGATGG	37
0	1	27312	1	494	consensus	7
0	1	13731	1	496	consensus	3
0	1	5967	1	497	consensus	3
0	1	3305	1	498	A	4
0	1	5738	1	499	C	4
0	1	27313	1	500	consensus	19
0	1	27314	1	501	consensus	3
0	1	1857	1	502	consensus	3
0	1	27315	1	503	consensus	3
0	1	27316	1	504	consensus	4
0	1	27317	1	505	consensus	3
0	1	27318	1	506	consensus	3
0	1	27319	1	507	C	2
0	1	27319	1	507	G	3
0	1	1691	1	508	consensus	3
0	1	1884	1	509	consensus	4
0	1	6192	1	510	consensus	3
0	1	7881	1	511	consensus	3
0	1	27320	1	512	consensus	7
0	1	27321	1	513	consensus	3
0	1	27322	1	514	consensus	9
0	1	27323	1	515	consensus	3
0	1	7238	1	516	C	3
0	1	27324	1	517	A	4
0	1	27324	1	517	G	3
0	1	10813	1	518	consensus	3
0	1	3275	1	519	consensus	3
0	1	27325	1	520	consensus	3
0	1	9942	1	521	ACG	3
0	1	11009	1	522	A	5
0	1	27326	1	523	consensus	3
0	1	27327	1	524	CCC	2
0	1	27327	1	524	TTA	3
0	1	6877	1	525	CT	4
0	1	7959	1	526	consensus	3
0	1	27328	1	527	consensus	3
0	1	27329	1	528	A	13
0	1	27329	1	528	T	7
0	1	751	1	529	GCT	4
0	1	750	1	530	consensus	6
0	1	987	1	531	consensus	3
0	1	4507	1	532	consensus	4
0	1	11541	1	533	AT	2
0	1	11541	1	533	GT	3
0	1	10052	1	534	consensus	3
0	1	15408	1	535	consensus	4
0	1	27330	1	536	consensus	3
0	1	26859	1	537	consensus	16
0	1	27331	1	538	consensus	3
0	1	27332	1	539	consensus	4
0	1	27333	1	540	consensus	4
0	1	27334	1	541	consensus	4
0	1	6035	1	542	G	5
0	1	16308	1	543	consensus	3
0	1	1058	1	544	consensus	4
0	1	17988	1	545	AAGA	6
0	1	17780	1	546	consensus	3
0	1	2796	1	548	AAT	3
0	1	4856	1	549	C	3
0	1	27335	1	550	consensus	9
0	1	27336	1	551	A	5
0	1	27336	1	551	G	4
0	1	27337	1	552	C	4
0	1	27337	1	552	T	4
0	1	10877	1	553	A	3
0	1	3847	1	554	consensus	3
0	1	7475	1	555	TC	7
0	1	5236	1	556	CC	4
0	1	27338	1	557	C	3
0	1	27338	1	557	T	2
0	1	4541	1	558	consensus	5
0	1	8280	1	559	consensus	4
0	1	27339	1	560	consensus	3
0	1	22649	1	561	A	3
0	1	3442	1	562	C	5
0	1	27340	1	563	consensus	4
0	1	6129	1	564	G	4
0	1	27341	1	565	consensus	17
0	1	6630	1	566	C	3
0	1	4498	1	567	GGC	4
0	1	5317	1	568	consensus	5
0	1	2826	1	569	consensus	3
0	1	3351	1	570	C	4
0	1	3067	1	571	consensus	3
0	1	27342	1	572	consensus	3
0	1	9453	1	573	consensus	4
0	1	27343	1	574	consensus	21
0	1	27344	1	575	consensus	3
0	1	24959	1	576	consensus	4
0	1	1519	1	577	GTG	5
0	1	27345	1	578	consensus	4
0	1	6207	1	579	consensus	5
0	1	27346	1	580	consensus	4
0	1	27347	1	581	consensus	4
0	1	27348	1	582	C	6
0	1	27348	1	582	T	3
0	1	6043	1	584	consensus	4
0	1	27349	1	585	consensus	3
0	1	16462	1	586	consensus	4
0	1	27350	1	587	consensus	7
0	1	27351	1	588	consensus	4
0	1	27352	1	589	consensus	5
0	1	27353	1	590	consensus	3
0	1	27354	1	591	consensus	5
0	1	27355	1	592	consensus	4
0	1	27356	1	593	consensus	3
0	1	7406	1	594	TA	5
0	1	27357	1	595	consensus	3
0	1	27358	1	596	consensus	3
0	1	6305	1	597	T	5
0	1	27359	1	598	consensus	3
0	1	2602	1	599	GA	3
0	1	27360	1	600	consensus	7
0	1	27361	1	601	consensus	16
0	1	27362	1	602	consensus	3
0	1	5953	1	603	G	3
0	1	7098	1	604	consensus	6
0	1	13378	1	605	CAGG	3
0	1	25564	1	606	consensus	4
0	1	27363	1	607	consensus	4
0	1	27364	1	608	consensus	3
0	1	284	1	609	G	3
0	1	27365	1	610	consensus	4
0	1	27366	1	611	consensus	4
0	1	27367	1	612	consensus	3
0	1	2450	1	613	consensus	4
0	1	27368	1	614	consensus	13
0	1	19104	1	615	GC	9
0	1	17492	1	616	consensus	3
0	1	3389	1	617	GCGA	3
0	1	27369	1	618	consensus	3
0	1	5241	1	619	C	3
0	1	10509	1	620	TG	4
0	1	8338	1	621	consensus	3
0	1	1558	1	622	T	3
0	1	27370	1	623	consensus	14
0	1	8037	1	624	consensus	3
0	1	6024	1	625	C	4
0	1	9272	1	626	consensus	4
0	1	216	1	627	A	4
0	1	27371	1	628	consensus	3
0	1	2400	1	629	consensus	5
0	1	27372	1	630	consensus	3
0	1	7152	1	631	consensus	5
0	1	17507	1	632	TA	12
0	1	27373	1	633	consensus	5
0	1	27374	1	634	consensus	4
0	1	27375	1	635	consensus	3
0	1	3438	1	636	GA	6
0	1	27376	1	637	consensus	4
0	1	22234	1	638	ACA	3
0	1	22234	1	638	GCA	8
0	1	27377	1	639	consensus	4
0	1	27378	1	640	consensus	4
0	1	90	1	641	G	4
0	1	12801	1	642	GC	3
0	1	12801	1	642	GT	3
0	1	27379	1	643	consensus	3
0	1	27380	1	644	consensus	5
0	1	6627	1	645	TA	3
0	1	12060	1	646	consensus	3
0	1	1728	1	647	consensus	9
0	1	24647	1	648	C	4
0	1	24647	1	648	T	3
0	1	368	1	649	consensus	5
0	1	27381	1	650	consensus	3
0	1	27382	1	652	consensus	3
0	1	27383	1	653	consensus	5
0	1	27384	1	654	consensus	11
0	1	27385	1	655	consensus	3
0	1	27386	1	656	consensus	4
0	1	2261	1	657	ACG	5
0	1	2261	1	657	ACT	5
0	1	7184	1	658	consensus	5
0	1	2421	1	659	consensus	4
0	1	27387	1	660	C	8
0	1	27387	1	660	T	6
0	1	27388	1	661	consensus	7
0	1	15142	1	662	consensus	5
0	1	6737	1	663	TT	8
0	1	12044	1	664	consensus	3
0	1	27389	1	665	consensus	3
0	1	27390	1	666	consensus	5
0	1	1062	1	667	consensus	3
0	1	27391	1	668	consensus	3
0	1	2616	1	669	consensus	4
0	1	4006	1	670	consensus	3
0	1	27392	1	671	consensus	3
0	1	27393	1	672	consensus	3
0	1	5980	1	673	consensus	3
0	1	27394	1	674	consensus	4
0	1	2040	1	675	consensus	3
0	1	27395	1	676	consensus	4
0	1	5546	1	677	AT	4
0	1	27396	1	678	consensus	3
0	1	27397	1	679	consensus	3
0	1	27398	1	680	consensus	4
0	1	5697	1	681	T	4
0	1	6863	1	682	CA	5
0	1	27399	1	683	consensus	4
0	1	17930	1	684	consensus	4
0	1	8117	1	685	consensus	5
0	1	2022	1	686	consensus	4
0	1	27400	1	687	consensus	3
0	1	4252	1	688	GGAG	46
0	1	4538	1	689	consensus	3
0	1	4776	1	690	TAG	8
0	1	27401	1	691	consensus	3
0	1	6248	1	692	consensus	3
0	1	6128	1	693	A	3
0	1	27402	1	694	consensus	3
0	1	7198	1	695	A	3
0	1	286	1	696	CC	4
0	1	27403	1	697	C	4
0	1	27403	1	697	T	8
0	1	6044	1	698	C	11
0	1	7569	1	699	consensus	5
0	1	27404	1	700	consensus	3
0	1	10243	1	701	GA	3
0	1	27405	1	702	consensus	3
0	1	27406	1	703	consensus	3
0	1	27407	1	704	consensus	3
0	1	27408	1	705	consensus	3
0	1	11881	1	706	A	4
0	1	27409	1	707	consensus	4
0	1	27410	1	708	consensus	4
0	1	27411	1	709	A	5
0	1	27411	1	709	T	4
0	1	4243	1	710	consensus	19
0	1	26725	1	711	consensus	59
0	1	27412	1	712	consensus	3
0	1	12007	1	713	consensus	3
0	1	8077	1	714	consensus	3
0	1	27413	1	715	consensus	3
0	1	826	1	716	consensus	5
0	1	4109	1	717	consensus	4
0	1	7211	1	718	consensus	3
0	1	4393	1	719	consensus	3
0	1	5017	1	721	CA	16
0	1	2684	1	722	GA	4
0	1	11928	1	723	consensus	3
0	1	3782	1	724	AGGG	6
0	1	9999	1	725	consensus	5
0	1	11749	1	726	AC	3
0	1	11749	1	726	GC	3
0	1	27414	1	727	consensus	3
0	1	27415	1	728	consensus	3
0	1	1404	1	729	consensus	3
0	1	27416	1	730	consensus	5
0	1	2726	1	731	TC	3
0	1	1483	1	732	consensus	4
0	1	4346	1	733	consensus	3
0	1	11110	1	734	consensus	44
0	1	27417	1	735	consensus	3
0	1	9030	1	736	CA	3
0	1	14954	1	737	consensus	3
0	1	27418	1	738	consensus	8
0	1	27419	1	739	consensus	3
0	1	27420	1	740	consensus	4
0	1	27421	1	741	consensus	3
0	1	27422	1	742	consensus	3
0	1	27423	1	743	A	13
0	1	27423	1	743	G	14
0	1	27424	1	744	consensus	8
0	1	6704	1	745	TC	4
0	1	27425	1	746	consensus	3
0	1	6635	1	747	consensus	8
0	1	3235	1	748	consensus	3
0	1	27426	1	749	consensus	3
0	1	27427	1	750	consensus	5
0	1	7509	1	751	consensus	3
0	1	27428	1	752	consensus	3
0	1	27429	1	753	consensus	5
0	1	27430	1	754	consensus	3
0	1	27431	1	755	consensus	3
0	1	27432	1	756	CC	3
0	1	27432	1	756	CT	2
0	1	27432	1	756	TC	2
0	1	27432	1	756	TT	3
0	1	9460	1	757	CG	6
0	1	9460	1	757	TA	4
0	1	9460	1	757	TG	1
0	1	27433	1	758	consensus	6
0	1	27434	1	759	consensus	3
0	1	6986	1	760	T	3
0	1	3745	1	762	consensus	5
0	1	20394	1	763	consensus	3
0	1	5562	1	764	consensus	3
0	1	880	1	765	consensus	3
0	1	27435	1	766	consensus	3
0	1	6761	1	767	C	3
0	1	13485	1	768	TC	11
0	1	13485	1	768	TT	12
0	1	27436	1	769	consensus	3
0	1	27437	1	770	consensus	4
0	1	187	1	771	AG	3
0	1	27438	1	772	consensus	3
0	1	7400	1	773	consensus	3
0	1	9257	1	774	consensus	3
0	1	27439	1	775	consensus	3
0	1	6215	1	776	G	4
0	1	27440	1	777	consensus	3
0	1	27441	1	778	consensus	3
0	1	21245	1	779	consensus	3
0	1	19166	1	780	consensus	3
0	1	2082	1	781	consensus	4
0	1	12005	1	782	GA	4
0	1	14610	1	783	consensus	3
0	1	16303	1	784	consensus	3
0	1	9108	1	785	AAAGAC	2
0	1	9108	1	785	CAAGAC	3
0	1	21601	1	786	consensus	3
0	1	27442	1	787	consensus	3
0	1	27443	1	788	consensus	3
0	1	27444	1	789	consensus	3
0	1	2535	1	790	C	4
0	1	15707	1	791	AG	3
0	1	15707	1	791	GG	2
0	1	27445	1	792	consensus	4
0	1	1709	1	793	consensus	3
0	1	7280	1	794	GAG	4
0	1	6565	1	797	consensus	3
0	1	27446	1	798	consensus	3
0	1	3776	1	799	consensus	3
0	1	2565	1	800	GGC	6
0	1	3675	1	801	consensus	4
0	1	27447	1	802	consensus	3
0	1	27448	1	803	consensus	3
0	1	3328	1	804	AC	4
0	1	2941	1	805	G	4
0	1	27449	1	806	consensus	3
0	1	27450	1	807	consensus	3
0	1	27451	1	808	consensus	3
0	1	3472	1	809	A	3
0	1	5863	1	810	CT	3
0	1	27452	1	811	consensus	3
0	1	27453	1	812	consensus	4
0	1	2606	1	813	consensus	3
0	1	27454	1	814	AA	3
0	1	27454	1	814	AG	4
0	1	27454	1	814	GG	4
0	1	27455	1	815	CC	3
0	1	27455	1	815	TA	4
0	1	27456	1	816	consensus	3
0	1	5730	1	817	GAAG	41
0	1	5732	1	818	GTAAG	3
0	1	5732	1	818	TGTGG	3
0	1	1277	1	819	consensus	3
0	1	3284	1	822	AAACAC	4
0	1	3284	1	822	AAGCCC	4
0	1	4287	1	823	C	4
0	1	27457	1	824	consensus	3
0	1	27458	1	826	consensus	3
0	1	27459	1	827	consensus	4
0	1	27460	1	828	consensus	3
0	1	450	1	829	consensus	3
0	1	7496	1	830	CT	3
0	1	27461	1	831	consensus	3
0	1	27462	1	832	consensus	9
0	1	27463	1	833	consensus	8
0	1	54	1	834	consensus	3
0	1	27464	1	835	consensus	3
0	1	4551	1	836	consensus	4
0	1	27465	1	837	consensus	4
